Metric,Value
Validation,
Validation F1 Score,0.901227889728186
Validation Accuracy Score,0.9181940098345999
Regular Testing,
Test F1 Score,0.7795576253484598
Test Accuracy Score,0.9009237187127532
Test MCC,0.9005141394915088
Test Balanced Accuracy,0.8026991974316249
Bootstrapping Results,
Accuracy ,0.9007792014302741
F1-Score,0.7791737260174861
MCC,0.9003682804574215
Balanced Accuracy,0.8185390546592471
