Metric,Value
Validation,
Validation F1 Score,0.9128772765479056
Validation Accuracy Score,0.9283159463487333
Regular Testing,
Test F1 Score,0.7927584670187817
Test Accuracy Score,0.9123826553419758
Test MCC,0.9120173060666268
Test Balanced Accuracy,0.8209887935390279
Bootstrapping Results,
Accuracy ,0.9122817761883475
F1-Score,0.7928192972294555
MCC,0.9119145955579886
Balanced Accuracy,0.8357851407568864
