Metric,Value
Validation,
Validation F1 Score,0.9051343919392697
Validation Accuracy Score,0.9207271643570257
Regular Testing,
Test F1 Score,0.7852333968547592
Test Accuracy Score,0.9039034564958284
Test MCC,0.9035054781910612
Test Balanced Accuracy,0.8093677539636995
Bootstrapping Results,
Accuracy ,0.9037592371871276
F1-Score,0.7858275398083628
MCC,0.9033598889924278
Balanced Accuracy,0.8243410686672996
