Metric,Value
Validation,
Validation F1 Score,0.8849792804570986
Validation Accuracy Score,0.9013550925251348
Regular Testing,
Test F1 Score,0.765150543483357
Test Accuracy Score,0.8803555814631303
Test MCC,0.8798443019781991
Test Balanced Accuracy,0.7923656864603628
Bootstrapping Results,
Accuracy ,0.8806063829787234
F1-Score,0.7658225589127384
MCC,0.8800962506739802
Balanced Accuracy,0.8095558193231891
