Metric,Value
Validation,
Validation F1 Score,0.819957169213012
Validation Accuracy Score,0.8508088675853804
Regular Testing,
Test F1 Score,0.6625227289035043
Test Accuracy Score,0.8275913720790893
Test MCC,0.8268368726638404
Test Balanced Accuracy,0.6829557170028928
Bootstrapping Results,
Accuracy ,0.8277657279808268
F1-Score,0.6654408143010629
MCC,0.8270130379870122
Balanced Accuracy,0.7038188933517275
