Metric,Value
Validation,
Validation F1 Score,0.9108753179244086
Validation Accuracy Score,0.9266766020864382
Regular Testing,
Test F1 Score,0.7957958268732331
Test Accuracy Score,0.9131277007897481
Test MCC,0.9127659278749233
Test Balanced Accuracy,0.8213563943915669
Bootstrapping Results,
Accuracy ,0.9129856951274028
F1-Score,0.7965525249858756
MCC,0.9126218467657093
Balanced Accuracy,0.8364928154055782
