Metric,Value
Validation,
Validation F1 Score,0.858319009271578
Validation Accuracy Score,0.8791536283713306
Regular Testing,
Test F1 Score,0.6813332276136336
Test Accuracy Score,0.8569725864123957
Test MCC,0.8563901026119061
Test Balanced Accuracy,0.7119862924520916
Bootstrapping Results,
Accuracy ,0.8568541418355184
F1-Score,0.6872095628797839
MCC,0.8562698865858793
Balanced Accuracy,0.7343226137232526
