Metric,Value
Validation,
Validation F1 Score,0.8241626381791001
Validation Accuracy Score,0.851564828614009
Regular Testing,
Test F1 Score,0.6552841521093866
Test Accuracy Score,0.8344509015049918
Test MCC,0.8337584432204943
Test Balanced Accuracy,0.6812445482506609
Bootstrapping Results,
Accuracy ,0.8342540604976904
F1-Score,0.6618186966901669
MCC,0.8335581387475052
Balanced Accuracy,0.7048852406757373
