Metric,Value
Validation,
Validation F1 Score,0.8076058511212126
Validation Accuracy Score,0.8375558867362146
Regular Testing,
Test F1 Score,0.6270232498738996
Test Accuracy Score,0.8198480107286544
Test MCC,0.8190893097435324
Test Balanced Accuracy,0.6600493927281417
Bootstrapping Results,
Accuracy ,0.8196873789301148
F1-Score,0.6325495546135442
MCC,0.818924849905407
Balanced Accuracy,0.6853751858698703
