Metric,Value
Validation,
Validation F1 Score,0.8232754879341364
Validation Accuracy Score,0.8550029958058718
Regular Testing,
Test F1 Score,0.7289427228439862
Test Accuracy Score,0.8746255242660276
Test MCC,0.874152317641371
Test Balanced Accuracy,0.7528186182933388
Bootstrapping Results,
Accuracy ,0.8747227381665668
F1-Score,0.7350999249915939
MCC,0.874250554558228
Balanced Accuracy,0.7731892109629634
