Metric,Value
Validation,
Validation F1 Score,0.816449431745306
Validation Accuracy Score,0.8448584202682563
Regular Testing,
Test F1 Score,0.6464893668787649
Test Accuracy Score,0.8313217106243481
Test MCC,0.8306249097719921
Test Balanced Accuracy,0.6733996244290485
Bootstrapping Results,
Accuracy ,0.8311159290716733
F1-Score,0.6533644431768607
MCC,0.8304151373108826
Balanced Accuracy,0.6977221748602311
