Metric,Value
Validation,
Validation F1 Score,0.8666087454711462
Validation Accuracy Score,0.886008046490836
Regular Testing,
Test F1 Score,0.6921845694912857
Test Accuracy Score,0.8611442193087009
Test MCC,0.8605737535649934
Test Balanced Accuracy,0.7221407078450002
Bootstrapping Results,
Accuracy ,0.8610443980929678
F1-Score,0.6951010730321472
MCC,0.8604722459219262
Balanced Accuracy,0.7434125143887699
