Metric,Value
Validation,
Validation F1 Score,0.9061658937225325
Validation Accuracy Score,0.9230998509687034
Regular Testing,
Test F1 Score,0.7884892368504185
Test Accuracy Score,0.9092534644613322
Test MCC,0.9088723894939768
Test Balanced Accuracy,0.8140112644025691
Bootstrapping Results,
Accuracy ,0.9091627179257935
F1-Score,0.7900632506336875
MCC,0.908779635422861
Balanced Accuracy,0.8295508393808261
