Metric,Value
Validation,
Validation F1 Score,0.9142295611255838
Validation Accuracy Score,0.9289120715350223
Regular Testing,
Test F1 Score,0.802677344965979
Test Accuracy Score,0.9161078825808374
Test MCC,0.9157587717004505
Test Balanced Accuracy,0.8287376404790362
Bootstrapping Results,
Accuracy ,0.9159736253911489
F1-Score,0.8022765280727421
MCC,0.9156226115187703
Balanced Accuracy,0.842638987363676
