Metric,Value
Validation,
Validation F1 Score,0.7677920311887495
Validation Accuracy Score,0.8018179108925645
Regular Testing,
Test F1 Score,0.5317202804579174
Test Accuracy Score,0.7882896305125149
Test MCC,0.787586900155701
Test Balanced Accuracy,0.556032099959521
Bootstrapping Results,
Accuracy ,0.7880381406436233
F1-Score,0.5531950797348769
MCC,0.7873332964768861
Balanced Accuracy,0.5894443998488764
