Metric,Value
Validation,
Validation F1 Score,0.8174808822513104
Validation Accuracy Score,0.8453055141579732
Regular Testing,
Test F1 Score,0.6386209998053461
Test Accuracy Score,0.8255103561317241
Test MCC,0.8247688164352959
Test Balanced Accuracy,0.6689448202468266
Bootstrapping Results,
Accuracy ,0.8252582327521979
F1-Score,0.6431938256588309
MCC,0.8245126355327698
Balanced Accuracy,0.6929798136589359
