Metric,Value
Validation,
Validation F1 Score,0.8628443959001735
Validation Accuracy Score,0.8840709283266279
Regular Testing,
Test F1 Score,0.6898655471771737
Test Accuracy Score,0.8565256257449344
Test MCC,0.8559241928977234
Test Balanced Accuracy,0.7199255302800265
Bootstrapping Results,
Accuracy ,0.8564323599523241
F1-Score,0.6899817562974454
MCC,0.855829394135956
Balanced Accuracy,0.7397184204978564
