Metric,Value
Validation,
Validation F1 Score,0.8183138318308689
Validation Accuracy Score,0.8453055141579732
Regular Testing,
Test F1 Score,0.6384477355543101
Test Accuracy Score,0.8290865742810312
Test MCC,0.8283558208897694
Test Balanced Accuracy,0.6698534522186581
Bootstrapping Results,
Accuracy ,0.8288830278646997
F1-Score,0.6441685801514024
MCC,0.8281483473845473
Balanced Accuracy,0.6944270141922135
