Metric,Value
Validation,
Validation F1 Score,0.8828747345849918
Validation Accuracy Score,0.8994608771674195
Regular Testing,
Test F1 Score,0.7599788215327399
Test Accuracy Score,0.8810842320023317
Test MCC,0.8805780959616866
Test Balanced Accuracy,0.7891929697656627
Bootstrapping Results,
Accuracy ,0.881271058000583
F1-Score,0.7612078425047081
MCC,0.8807651580760744
Balanced Accuracy,0.8070906151453876
