Metric,Value
Validation,
Validation F1 Score,0.8153644869597837
Validation Accuracy Score,0.8451564828614009
Regular Testing,
Test F1 Score,0.6327954967626945
Test Accuracy Score,0.8259573834003874
Test MCC,0.8252243046656875
Test Balanced Accuracy,0.6621247487967119
Bootstrapping Results,
Accuracy ,0.8256985546118314
F1-Score,0.6401988823431316
MCC,0.8249614254707673
Balanced Accuracy,0.6872024742623243
