Metric,Value
Validation,
Validation F1 Score,0.8265529381829297
Validation Accuracy Score,0.8579988016776513
Regular Testing,
Test F1 Score,0.6699323783986719
Test Accuracy Score,0.8325344517675255
Test MCC,0.8317990777187814
Test Balanced Accuracy,0.6919712374700288
Bootstrapping Results,
Accuracy ,0.8326211803475134
F1-Score,0.67223181643884
MCC,0.8318874618791973
Balanced Accuracy,0.7126740387233264
