Metric,Value
Validation,
Validation F1 Score,0.816589437529912
Validation Accuracy Score,0.8448584202682563
Regular Testing,
Test F1 Score,0.6435545733509488
Test Accuracy Score,0.8317687378930114
Test MCC,0.8310713891593355
Test Balanced Accuracy,0.6702418847866294
Bootstrapping Results,
Accuracy ,0.8315169125316644
F1-Score,0.6514380288410045
MCC,0.8308156835847986
Balanced Accuracy,0.695949172667061
