Metric,Value
Validation,
Validation F1 Score,0.8053472936766713
Validation Accuracy Score,0.8343018924154374
Regular Testing,
Test F1 Score,0.6165107499798027
Test Accuracy Score,0.8182359952324195
Test MCC,0.817565937733834
Test Balanced Accuracy,0.6376512081234018
