Metric,Value
Validation,
Validation F1 Score,0.8228907387454932
Validation Accuracy Score,0.8500745156482862
Regular Testing,
Test F1 Score,0.6504858432533793
Test Accuracy Score,0.8337058560572195
Test MCC,0.8329998846969737
Test Balanced Accuracy,0.6809422516468819
Bootstrapping Results,
Accuracy ,0.8335039487408733
F1-Score,0.6549695343008362
MCC,0.832794322358853
Balanced Accuracy,0.704314333642372
