Metric,Value
Validation,
Validation F1 Score,0.8198395324615166
Validation Accuracy Score,0.8479880774962743
Regular Testing,
Test F1 Score,0.6520089690502641
Test Accuracy Score,0.8348979287736552
Test MCC,0.8342037061666362
Test Balanced Accuracy,0.6787800327104906
Bootstrapping Results,
Accuracy ,0.8345938012218745
F1-Score,0.6581253476652603
MCC,0.8338955154876655
Balanced Accuracy,0.7024812209462327
