Metric,Value
Validation,
Validation F1 Score,0.8008032714234302
Validation Accuracy Score,0.8390701832811801
Regular Testing,
Test F1 Score,0.5691193807470564
Test Accuracy Score,0.8160011918951132
Test MCC,0.8152305893802594
Test Balanced Accuracy,0.5931849765862519
Bootstrapping Results,
Accuracy ,0.8157485101311085
F1-Score,0.589827678699155
MCC,0.8149753354681086
Balanced Accuracy,0.6277002364104944
