Metric,Value
Validation,
Validation F1 Score,0.8826339718977764
Validation Accuracy Score,0.9010579645358366
Regular Testing,
Test F1 Score,0.7275076507695828
Test Accuracy Score,0.8794696066746126
Test MCC,0.8789621333027663
Test Balanced Accuracy,0.7538748261061541
Bootstrapping Results,
Accuracy ,0.8794617103694875
F1-Score,0.7293440226854758
MCC,0.8789532472032658
Balanced Accuracy,0.7733345868443072
