Model,Nb_Layer_Block,Dropout,F1_Score
ProtT5,1,0.0,0.7344794159129255
ESM2,1,0.0,0.6659108908186689
ESM2,1,0.0,0.6692400307836652
Ankh_large,1,0.0,0.6880263430755593
Ankh_base,1,0.0,0.6657966327493949
ProstT5_full,1,0.0,0.7703663604237581
TM_Vec,1,0.0,0.6909607294083647
ProtT5,1,0.1,0.7181368727825097
ESM2,1,0.1,0.6384102467546425
Ankh_large,1,0.1,0.6384772809611823
